,inst_id,obj_value,expected_obj_value,gap
0,1,1303758.46646,1324477.67361,-1.56433 %
1,2,385606.94980,385611.91779,-0.00129 %
2,3,2295253.18000,2357066.94292,-2.62249 %
3,4,8940019.91425,9414476.54992,-5.03965 %
4,5,5117621.50195,5803531.93545,-11.81884 %
5,6,8116981.68574,12118534.42237,-33.02010 %
6,7,19599585.53279,30454438.59792,-35.64293 %
7,8,25439880.51444,47266056.80740,-46.17727 %
8,9,15948552.16122,37544210.27812,-57.52061 %
9,10,21092231.44311,31520783.32046,-33.08469 %
