inst_id,obj_value,expected_obj_value,gap,integer
1,1283844.34478,1324477.67361,-3.06788 %,True
2,385511.61721,385611.91779,-0.02601 %,True
3,2335217.28099,2357066.94292,-0.92699 %,True
4,9381714.89160,9414476.54992,-0.34799 %,True
5,5758681.53935,5803531.93545,-0.77281 %,True
